message_id,sender,receiver,timestamp,message
1,Aman,Shubham,2024-09-07 10:00:00,"Hey Shubham, what's your favorite cuisine?"
2,Shubham,Aman,2024-09-07 10:01:15,"I really love Italian food! How about you?"
3,Aman,Shubham,2024-09-07 10:02:30,"I enjoy Indian food the most, especially spicy dishes."
4,Shubham,Aman,2024-09-07 10:03:45,"That sounds delicious! Do you like trying new recipes?"
5,Aman,Shubham,2024-09-07 10:05:00,"Absolutely! I’ve been experimenting with fusion dishes lately."
6,Shubham,Aman,2024-09-07 10:06:15,"Interesting! Any favorite travel destination you've been to?"
7,Aman,Shubham,2024-09-07 10:07:30,"I loved visiting Japan! The culture and food were amazing."
8,Shubham,Aman,2024-09-07 10:08:45,"Japan sounds great! I’ve been wanting to visit Italy for the architecture and food."
9,Aman,Shubham,2024-09-07 10:10:00,"You should definitely go! Do you play any sports?"
10,Shubham,Aman,2024-09-07 10:11:15,"Yes, I play football regularly. How about you?"
11,Aman,Shubham,2024-09-07 10:12:30,"I’ve been hiking a lot lately. It’s a great way to stay fit!"
12,Shubham,Aman,2024-09-07 10:13:45,"Hiking sounds fun! Any particular place you like to hike?"
13,Aman,Shubham,2024-09-07 10:15:00,"I enjoy hiking in the mountains. The fresh air is unbeatable!"
14,Shubham,Aman,2024-09-07 10:16:15,"Sounds amazing! I need to try that sometime."
15,Aman,Shubham,2024-09-07 10:17:30,"What’s the most exciting place you’ve traveled to so far?"
16,Shubham,Aman,2024-09-07 10:18:45,"Spain was incredible! I loved the vibrant culture."
17,Aman,Shubham,2024-09-07 10:20:00,"Spain is on my bucket list too. Any food recommendations?"
18,Shubham,Aman,2024-09-07 10:21:15,"You must try the paella! It’s a must-have in Valencia."
19,Aman,Shubham,2024-09-07 10:22:30,"Noted! I’ll definitely try it when I visit."
20,Shubham,Aman,2024-09-07 10:23:45,"What’s next on your travel list?"
21,Aman,Shubham,2024-09-07 10:25:00,"I’m thinking of heading to New Zealand. The landscapes are stunning!"
22,Shubham,Aman,2024-09-07 10:26:15,"That sounds amazing! I’ve heard the hiking trails are incredible."
23,Aman,Shubham,2024-09-07 10:27:30,"Yes! I’m particularly excited about the Tongariro Alpine Crossing."
24,Shubham,Aman,2024-09-07 10:28:45,"I’ve read about it, definitely a bucket list hike!"
25,Aman,Shubham,2024-09-07 10:30:00,"Speaking of, what’s on your bucket list?"
26,Shubham,Aman,2024-09-07 10:31:15,"For me, it’s definitely skydiving! Have you ever tried?"
27,Aman,Shubham,2024-09-07 10:32:30,"Not yet! But I would love to. It’s such an adrenaline rush, right?"
28,Shubham,Aman,2024-09-07 10:33:45,"Absolutely! I’m hoping to do it over the Grand Canyon someday."
29,Aman,Shubham,2024-09-07 10:35:00,"Wow, that would be an epic view!"
30,Shubham,Aman,2024-09-07 10:36:15,"Yeah! What about you, any thrill-seeking adventures in mind?"
31,Aman,Shubham,2024-09-07 10:37:30,"I’ve always wanted to go bungee jumping off a cliff. It looks terrifying but thrilling!"
32,Shubham,Aman,2024-09-07 10:38:45,"That sounds like a lot of fun! Would you do it alone or with friends?"
33,Aman,Shubham,2024-09-07 10:40:00,"Definitely with friends! It's always better with company."
34,Shubham,Aman,2024-09-07 10:41:15,"I agree! It makes the experience even more memorable."
35,Aman,Shubham,2024-09-07 10:42:30,"Speaking of friends, do you prefer group trips or solo adventures?"
36,Shubham,Aman,2024-09-07 10:43:45,"I love solo trips, but group trips can be so much fun too. What about you?"
37,Aman,Shubham,2024-09-07 10:45:00,"Same here! It depends on the destination, but I enjoy both."
38,Shubham,Aman,2024-09-07 10:46:15,"Exactly! Some places are perfect for solo exploration, while others are better with friends."
39,Aman,Shubham,2024-09-07 10:47:30,"Agreed! Solo trips allow for self-discovery, while group trips are more about bonding."
40,Shubham,Aman,2024-09-07 10:48:45,"Couldn't have said it better myself! Any recent group trips you went on?"
41,Aman,Shubham,2024-09-07 10:50:00,"Yes, I went on a road trip with friends to the mountains last month. It was so refreshing!"
42,Shubham,Aman,2024-09-07 10:51:15,"That sounds awesome! Road trips are the best. Where did you go?"
43,Aman,Shubham,2024-09-07 10:52:30,"We went to Himachal Pradesh. The views were breathtaking!"
44,Shubham,Aman,2024-09-07 10:53:45,"Himachal is beautiful! I’ve been wanting to visit Manali."
45,Aman,Shubham,2024-09-07 10:55:00,"Manali is definitely worth it. The adventure sports there are amazing!"
46,Shubham,Aman,2024-09-07 10:56:15,"I’m planning a trip there soon. Any recommendations for activities?"
47,Aman,Shubham,2024-09-07 10:57:30,"You should try paragliding! The view from above is incredible."
48,Shubham,Aman,2024-09-07 10:58:45,"Paragliding sounds like a must-do! I’ll definitely add it to my list."
49,Aman,Shubham,2024-09-07 11:00:00,"You won’t regret it! What’s on your list of travel goals?"
50,Shubham,Aman,2024-09-07 11:01:15,"One of my goals is to visit every continent. I’ve already done three so far!"
51,Aman,Shubham,2024-09-07 11:02:30,"That’s impressive! Which continents have you visited?"
52,Shubham,Aman,2024-09-07 11:03:45,"I’ve been to Asia, Europe, and North America. Still a few more to go!"
53,Aman,Shubham,2024-09-07 11:05:00,"Wow! Any plans for South America?"
54,Shubham,Aman,2024-09-07 11:06:15,"Definitely! I’m hoping to visit Brazil next year."
55,Aman,Shubham,2024-09-07 11:07:30,"Brazil will be an adventure! The culture and festivals are amazing."
56,Shubham,Aman,2024-09-07 11:08:45,"I’m looking forward to it. I’ve always wanted to experience the Rio Carnival!"
57,Aman,Shubham,2024-09-07 11:10:00,"That’s on my bucket list too! The energy and colors must be incredible."
58,Shubham,Aman,2024-09-07 11:11:15,"For sure! Any other festivals you’ve been wanting to attend?"
59,Aman,Shubham,2024-09-07 11:12:30,"I’ve always wanted to attend the Venice Carnival in Italy. It looks so elegant and fun!"
60,Shubham,Aman,2024-09-07 11:13:45,"Venice Carnival sounds magical! The masks and costumes are iconic."
70,Aman,Shubham,2024-09-07 11:15:00,"Exactly! It’s been on my mind for years. Hopefully, I’ll get to visit soon."
71,Shubham,Aman,2024-09-07 11:16:15,"I hope so too! Traveling to festivals is such a unique experience."
72,Aman,Shubham,2024-09-07 11:17:30,"Yes, it gives you a chance to immerse yourself in the local culture."
73,Shubham,Aman,2024-09-07 11:18:45,"Absolutely! Speaking of culture, have you tried learning any new languages?"
74,Aman,Shubham,2024-09-07 11:20:00,"I’ve been dabbling in French. It’s a beautiful language."
75,Shubham,Aman,2024-09-07 11:21:15,"French is great! I’m learning Spanish right now."
76,Aman,Shubham,2024-09-07 11:22:30,"Spanish is on my list too. How’s it going so far?"
77,Shubham,Aman,2024-09-07 11:23:45,"It’s going well! I’m still learning the basics, but I love it."
78,Aman,Shubham,2024-09-07 11:25:00,"That’s awesome! Do you practice speaking with native speakers?"
79,Shubham,Aman,2024-09-07 11:26:15,"I try to! There are language exchange apps that help."
80,Aman,Shubham,2024-09-07 11:27:30,"I’ve heard of those! They seem like a fun way to learn."
81,Shubham,Aman,2024-09-07 11:28:45,"Definitely. Plus, you get to meet people from all over the world."
82,Aman,Shubham,2024-09-07 11:30:00,"That’s one of the best parts of traveling, meeting new people."
83,Shubham,Aman,2024-09-07 11:31:15,"Agreed! You learn so much from different cultures and perspectives."
84,Aman,Shubham,2024-09-07 11:32:30,"Exactly! Have you made any friends during your travels?"
85,Shubham,Aman,2024-09-07 11:33:45,"Yes! I met a few people in Spain who I still keep in touch with."
86,Aman,Shubham,2024-09-07 11:35:00,"That’s fantastic! Spain is such a vibrant place."
87,Shubham,Aman,2024-09-07 11:36:15,"It really is! The food, music, and atmosphere are unbeatable."
88,Aman,Shubham,2024-09-07 11:37:30,"Speaking of food, have you tried paella? It’s a must in Spain."
89,Shubham,Aman,2024-09-07 11:38:45,"Yes, I did! It was so delicious, especially with seafood."
90,Aman,Shubham,2024-09-07 11:40:00,"I can imagine! Spanish cuisine is full of bold flavors."
91,Shubham,Aman,2024-09-07 11:41:15,"It is! What’s your favorite dish to try when you travel?"
92,Aman,Shubham,2024-09-07 11:42:30,"I love trying street food. It’s authentic and packed with flavor."
93,Shubham,Aman,2024-09-07 11:43:45,"Street food is always a win! Any memorable experiences?"
94,Aman,Shubham,2024-09-07 11:45:00,"Yes, I tried street tacos in Mexico, and they were incredible!"
95,Shubham,Aman,2024-09-07 11:46:15,"Mexican street food is amazing! I’d love to visit Mexico someday."
96,Aman,Shubham,2024-09-07 11:47:30,"You should! The culture and food are worth the trip."
97,Shubham,Aman,2024-09-07 11:48:45,"I’m sure! What other countries have left an impression on you?"
98,Aman,Shubham,2024-09-07 11:50:00,"Japan was unforgettable. The balance of tradition and modernity was fascinating."
99,Shubham,Aman,2024-09-07 11:51:15,"I can imagine! I’d love to see the cherry blossoms in Japan."
100,Aman,Shubham,2024-09-07 11:52:30,"They’re stunning! It’s a magical time to visit Japan."
101,Shubham,Aman,2024-09-07 11:53:45,"I’ve seen pictures, and they’re breathtaking! Definitely on my list."
102,Aman,Shubham,2024-09-07 11:55:00,"What’s your favorite time of year to travel?"
103,Shubham,Aman,2024-09-07 11:56:15,"I prefer spring and fall. The weather is perfect, and the crowds are smaller."
104,Aman,Shubham,2024-09-07 11:57:30,"Same here! It’s nice to explore without too many tourists around."
105,Shubham,Aman,2024-09-07 11:58:45,"Exactly! Have you ever traveled during the off-season?"
106,Aman,Shubham,2024-09-07 12:00:00,"Yes, I went to Italy in the winter, and it was so peaceful."
107,Shubham,Aman,2024-09-07 12:01:15,"That sounds lovely! Italy must be beautiful in the winter."
108,Aman,Shubham,2024-09-07 12:02:30,"It really is! Fewer crowds and the winter scenery is stunning."
109,Shubham,Aman,2024-09-07 12:03:45,"I bet! Any winter activities you recommend there?"
110,Aman,Shubham,2024-09-07 12:05:00,"Definitely skiing in the Italian Alps. It’s a must for adventure lovers!"
111,Shubham,Aman,2024-09-07 12:06:15,"Skiing sounds fun! I’ll add that to my list for sure."
112,Aman,Shubham,2024-09-07 12:07:30,"You won’t regret it! The slopes are perfect for all skill levels."
113,Shubham,Aman,2024-09-07 12:08:45,"I’m still a beginner, but I’d love to try skiing one day."
114,Aman,Shubham,2024-09-07 12:10:00,"You should! It’s thrilling once you get the hang of it."
115,Shubham,Aman,2024-09-07 12:11:15,"I’ll keep that in mind! Have you tried snowboarding too?"
116,Aman,Shubham,2024-09-07 12:12:30,"Yes, but I prefer skiing. Snowboarding is fun, but skiing feels more natural to me."
117,Shubham,Aman,2024-09-07 12:13:45,"I’ve heard skiing is easier to learn. I’ll probably start with that."
118,Aman,Shubham,2024-09-07 12:15:00,"Good plan! Once you’re comfortable, you can try snowboarding later."
119,Shubham,Aman,2024-09-07 12:16:15,"Exactly! Do you enjoy any other winter sports?"
120,Aman,Shubham,2024-09-07 12:17:30,"Ice skating is fun too, but I don’t get to do it often."
121,Shubham,Aman,2024-09-07 12:18:45,"Ice skating looks graceful! I’ve only tried it once, but I fell a lot!"
122,Aman,Shubham,2024-09-07 12:20:00,"Haha, that’s how it goes at first! But it’s fun once you get the balance."
123,Shubham,Aman,2024-09-07 12:21:15,"I can imagine! Maybe I’ll give it another shot next winter."
124,Aman,Shubham,2024-09-07 12:22:30,"You should! It’s a great way to enjoy the winter season."
125,Shubham,Aman,2024-09-07 12:23:45,"I’ll keep that in mind! Any other winter destinations you recommend?"
126,Aman,Shubham,2024-09-07 12:25:00,"Switzerland is beautiful in winter. The snow-covered mountains are breathtaking."
127,Shubham,Aman,2024-09-07 12:26:15,"Switzerland sounds like a winter wonderland! I’d love to visit."
128,Aman,Shubham,2024-09-07 12:27:30,"It really is! The train rides through the Alps are a must."
129,Shubham,Aman,2024-09-07 12:28:45,"That sounds incredible! I’ll add Switzerland to my list for sure."
130,Aman,Shubham,2024-09-07 12:30:00,"You won’t regret it! The scenery is like something out of a postcard."
131,Shubham,Aman,2024-09-07 12:31:15,"I can only imagine! What’s your favorite country you’ve visited so far?"
132,Aman,Shubham,2024-09-07 12:32:30,"It’s hard to choose, but I’d say Japan. The culture, food, and nature are all amazing."
133,Shubham,Aman,2024-09-07 12:33:45,"Japan sounds fascinating! I’ve always been curious about the culture there."
134,Aman,Shubham,2024-09-07 12:35:00,"It’s a unique mix of ancient traditions and cutting-edge technology."
135,Shubham,Aman,2024-09-07 12:36:15,"That’s what makes it so interesting! I’d love to visit someday."
136,Aman,Shubham,2024-09-07 12:37:30,"You definitely should! It’s a country like no other."
137,Shubham,Aman,2024-09-07 12:38:45,"I’ll make it a priority for my next trip! Any must-see places in Japan?"
138,Aman,Shubham,2024-09-07 12:40:00,"Kyoto for temples and Tokyo for the modern city vibe. Both are must-sees."
139,Shubham,Aman,2024-09-07 12:41:15,"I’ve heard Kyoto is beautiful, especially during cherry blossom season."
140,Aman,Shubham,2024-09-07 12:42:30,"Yes, it’s magical in spring! You’d love the gardens and temples."
141,Shubham,Aman,2024-09-07 12:43:45,"I can’t wait to experience that! Any other hidden gems in Japan?"
142,Aman,Shubham,2024-09-07 12:45:00,"Nara is worth a visit. You can feed the deer there, and it’s peaceful."
143,Shubham,Aman,2024-09-07 12:46:15,"Feeding deer sounds so fun! I’ll definitely check it out."
144,Aman,Shubham,2024-09-07 12:47:30,"You’ll love it! It’s a calm break from the hustle of the cities."
145,Shubham,Aman,2024-09-07 12:48:45,"Sounds perfect! Do you prefer nature spots over cities when you travel?"
146,Aman,Shubham,2024-09-07 12:50:00,"I enjoy both! Cities for the energy and nature for the tranquility."
147,Shubham,Aman,2024-09-07 12:51:15,"That’s a good balance! What’s the most tranquil place you’ve been to?"
148,Aman,Shubham,2024-09-07 12:52:30,"I’d say Iceland. The landscapes are surreal and so peaceful."
149,Shubham,Aman,2024-09-07 12:53:45,"Iceland must be amazing! I’d love to see the Northern Lights."
150,Aman,Shubham,2024-09-07 12:55:00,"The Northern Lights are breathtaking! It’s an unforgettable experience."
151,Shubham,Aman,2024-09-07 12:56:15,"That’s on my bucket list for sure! Did you explore any glaciers there?"
152,Aman,Shubham,2024-09-07 12:57:30,"Yes, I did a glacier hike! It was both challenging and rewarding."
153,Shubham,Aman,2024-09-07 12:58:45,"That sounds incredible! I’ve never been on a glacier hike before."
154,Aman,Shubham,2024-09-07 13:00:00,"You should try it! The views are out of this world."
155,Shubham,Aman,2024-09-07 13:01:15,"I can imagine! Iceland seems like a place full of adventure."
156,Aman,Shubham,2024-09-07 13:02:30,"It is! From waterfalls to volcanoes, there’s so much to see."
157,Shubham,Aman,2024-09-07 13:03:45,"I’d love to visit someday! What’s your favorite thing about Iceland?"
158,Aman,Shubham,2024-09-07 13:05:00,"The natural beauty. Everywhere you look, there’s something stunning."
159,Shubham,Aman,2024-09-07 13:06:15,"That sounds incredible. Do you prefer colder climates for traveling?"
160,Aman,Shubham,2024-09-07 13:07:30,"Not necessarily. I enjoy warm beach destinations too!"
161,Shubham,Aman,2024-09-07 13:08:45,"Same here! Any favorite beach destinations?"
162,Aman,Shubham,2024-09-07 13:10:00,"Maldives was a dream! The beaches are pristine and the water is crystal clear."
163,Shubham,Aman,2024-09-07 13:11:15,"Maldives is definitely on my list! Did you try any water sports there?"
164,Aman,Shubham,2024-09-07 13:12:30,"Yes, I went snorkeling and jet skiing. Both were so much fun!"
165,Shubham,Aman,2024-09-07 13:13:45,"Snorkeling sounds amazing! Did you see any interesting marine life?"
166,Aman,Shubham,2024-09-07 13:15:00,"I saw vibrant coral reefs and schools of colorful fish. It was surreal!"
167,Shubham,Aman,2024-09-07 13:16:15,"That sounds beautiful! I’d love to explore the underwater world."
168,Aman,Shubham,2024-09-07 13:17:30,"You should! It’s like discovering a whole new realm."
169,Shubham,Aman,2024-09-07 13:18:45,"I can imagine! Do you have a favorite water activity?"
170,Aman,Shubham,2024-09-07 13:20:00,"I’d say scuba diving. It’s thrilling and peaceful at the same time."
171,Shubham,Aman,2024-09-07 13:21:15,"Scuba diving sounds incredible! I’ve always wanted to try it."
172,Aman,Shubham,2024-09-07 13:22:30,"You should! It’s a bit intimidating at first, but once you’re under the water, it’s magical."
173,Shubham,Aman,2024-09-07 13:23:45,"I can imagine! Did you have to take a course for it?"
174,Aman,Shubham,2024-09-07 13:25:00,"Yes, I took a beginner’s course before diving. It was really helpful."
175,Shubham,Aman,2024-09-07 13:26:15,"That’s good to know! I’ll look into it before my next trip."
176,Aman,Shubham,2024-09-07 13:27:30,"It’s definitely worth it! Once you start, you’ll be hooked."
177,Shubham,Aman,2024-09-07 13:28:45,"I believe that! Any other beach destinations you’d recommend?"
178,Aman,Shubham,2024-09-07 13:30:00,"Bali is amazing too! The beaches and culture there are something else."
179,Shubham,Aman,2024-09-07 13:31:15,"I’ve heard so much about Bali! Did you visit the temples there?"
180,Aman,Shubham,2024-09-07 13:32:30,"Yes, I visited a few. The temples are so serene, especially at sunset."
181,Shubham,Aman,2024-09-07 13:33:45,"That sounds beautiful! Bali seems like the perfect mix of relaxation and adventure."
182,Aman,Shubham,2024-09-07 13:35:00,"It is! You can explore, surf, or just relax by the beach."
183,Shubham,Aman,2024-09-07 13:36:15,"Sounds like my kind of vacation! How’s the food in Bali?"
184,Aman,Shubham,2024-09-07 13:37:30,"Delicious! Nasi Goreng and Satay are must-try dishes."
185,Shubham,Aman,2024-09-07 13:38:45,"I’ve heard about Nasi Goreng! Is it as good as they say?"
186,Aman,Shubham,2024-09-07 13:40:00,"Even better! It’s full of flavor and spices. You’d love it."
187,Shubham,Aman,2024-09-07 13:41:15,"I can’t wait to try it! Any other local dishes you recommend?"
188,Aman,Shubham,2024-09-07 13:42:30,"Babi Guling is a famous Balinese dish. It’s roasted pork with crispy skin, very flavorful."
189,Shubham,Aman,2024-09-07 13:43:45,"That sounds mouthwatering! I’ll add that to my list of things to try."
190,Aman,Shubham,2024-09-07 13:45:00,"You won’t be disappointed! Bali’s cuisine is full of surprises."
191,Shubham,Aman,2024-09-07 13:46:15,"I believe that! How’s the nightlife there?"
192,Aman,Shubham,2024-09-07 13:47:30,"It’s lively! From beach bars to clubs, there’s something for everyone."
193,Shubham,Aman,2024-09-07 13:48:45,"That sounds fun! Did you visit any of the beach bars?"
194,Aman,Shubham,2024-09-07 13:50:00,"Yes, I went to a few. The atmosphere is great, especially by the ocean."
195,Shubham,Aman,2024-09-07 13:51:15,"I bet! There’s something about being by the ocean that’s so relaxing."
196,Aman,Shubham,2024-09-07 13:52:30,"Exactly! The sound of the waves makes everything better."
197,Shubham,Aman,2024-09-07 13:53:45,"True! I could sit by the ocean for hours and not get bored."
198,Aman,Shubham,2024-09-07 13:55:00,"Same here! It’s the perfect way to unwind after a long day."
199,Shubham,Aman,2024-09-07 13:56:15,"Couldn’t agree more! Have you ever thought of living near the ocean?"
200,Aman,Shubham,2024-09-07 13:57:30,"I’ve considered it! Maybe someday I’ll move to a beach town."
201,Aman,Shubham,2024-09-07 13:58:45,"That sounds like a dream! I’d love to live near the ocean too."
202,Shubham,Aman,2024-09-07 14:00:00,"Imagine waking up to the sound of the waves every day!"
203,Aman,Shubham,2024-09-07 14:01:15,"It would be so peaceful. A perfect way to start the day."
204,Shubham,Aman,2024-09-07 14:02:30,"Absolutely! Do you have a favorite beach town?"
205,Aman,Shubham,2024-09-07 14:03:45,"I loved Santa Monica in California. The vibe there is amazing."
206,Shubham,Aman,2024-09-07 14:05:00,"I’ve heard Santa Monica is a great place to visit! Did you explore the pier?"
207,Aman,Shubham,2024-09-07 14:06:15,"Yes, the pier is so lively! There are fun activities, restaurants, and great views."
208,Shubham,Aman,2024-09-07 14:07:30,"Sounds like a perfect spot to spend the day! Any good food spots there?"
209,Aman,Shubham,2024-09-07 14:08:45,"Definitely! There’s a seafood place right on the pier that’s amazing."
210,Shubham,Aman,2024-09-07 14:10:00,"I love seafood! I’ll make sure to check that out if I ever go."
211,Aman,Shubham,2024-09-07 14:11:15,"You should! There’s something special about eating seafood by the ocean."
212,Shubham,Aman,2024-09-07 14:12:30,"I agree! Fresh seafood tastes even better with a view."
213,Aman,Shubham,2024-09-07 14:13:45,"Exactly! It’s all about the experience."
214,Shubham,Aman,2024-09-07 14:15:00,"Do you prefer seafood over other types of cuisine?"
215,Aman,Shubham,2024-09-07 14:16:15,"I enjoy seafood, but I’m a big fan of Italian food too."
216,Shubham,Aman,2024-09-07 14:17:30,"Same here! Italian food is always a good choice. Do you have a favorite dish?"
217,Aman,Shubham,2024-09-07 14:18:45,"I love a classic spaghetti carbonara. Simple but so delicious."
218,Shubham,Aman,2024-09-07 14:20:00,"Carbonara is one of my favorites too! Do you cook it at home?"
219,Aman,Shubham,2024-09-07 14:21:15,"Sometimes! It’s fun to make, especially when you get the sauce just right."
220,Shubham,Aman,2024-09-07 14:22:30,"That’s the key! I’ve tried making it, but it never turns out as good as in restaurants."
221,Aman,Shubham,2024-09-07 14:23:45,"Practice makes perfect! You’ll master it with time."
222,Shubham,Aman,2024-09-07 14:25:00,"I hope so! What’s your go-to dish when you’re cooking at home?"
223,Aman,Shubham,2024-09-07 14:26:15,"I make a pretty good stir-fry. It’s quick, healthy, and always tasty."
224,Shubham,Aman,2024-09-07 14:27:30,"Stir-fry is a great choice! What do you usually put in it?"
225,Aman,Shubham,2024-09-07 14:28:45,"Lots of veggies, tofu, and sometimes chicken. And I love using soy sauce and garlic."
226,Shubham,Aman,2024-09-07 14:30:00,"That sounds delicious! I need to try making stir-fry more often."
227,Aman,Shubham,2024-09-07 14:31:15,"It’s so easy to customize, too! You can add whatever you like."
228,Shubham,Aman,2024-09-07 14:32:30,"That’s what I like about it! Any favorite spices or sauces?"
229,Aman,Shubham,2024-09-07 14:33:45,"I’m a big fan of Sriracha for some heat. It adds a nice kick."
230,Shubham,Aman,2024-09-07 14:35:00,"Sriracha is great! I love adding it to almost everything."
231,Aman,Shubham,2024-09-07 14:36:15,"Same here! It’s such a versatile sauce."
232,Shubham,Aman,2024-09-07 14:37:30,"Definitely! Do you experiment with cooking often?"
233,Aman,Shubham,2024-09-07 14:38:45,"Sometimes! I like trying new recipes, especially from different cuisines."
234,Shubham,Aman,2024-09-07 14:40:00,"That’s a fun way to mix things up! What’s the most recent recipe you’ve tried?"
235,Aman,Shubham,2024-09-07 14:41:15,"I recently made homemade sushi. It was a bit tricky but fun!"
236,Shubham,Aman,2024-09-07 14:42:30,"Sushi at home? That’s ambitious! How did it turn out?"
237,Aman,Shubham,2024-09-07 14:43:45,"Not bad for a first attempt! Rolling the sushi was the hardest part."
238,Shubham,Aman,2024-09-07 14:45:00,"I can imagine! Sushi rolling seems like a real art."
239,Aman,Shubham,2024-09-07 14:46:15,"It really is! But it’s satisfying once you get the hang of it."
240,Shubham,Aman,2024-09-07 14:47:30,"I bet! Did you make traditional sushi or try any unique combinations?"
241,Aman,Shubham,2024-09-07 14:48:45,"I kept it traditional with tuna and avocado, but I’d love to experiment next time."
242,Shubham,Aman,2024-09-07 14:50:00,"That sounds tasty! What’s your favorite type of sushi?"
243,Aman,Shubham,2024-09-07 14:51:15,"I love salmon nigiri. Simple and so fresh!"
244,Shubham,Aman,2024-09-07 14:52:30,"Salmon nigiri is a classic! Do you prefer raw or cooked sushi?"
245,Aman,Shubham,2024-09-07 14:53:45,"I enjoy both, but there’s something about the freshness of raw sushi that I love."
246,Shubham,Aman,2024-09-07 14:55:00,"Agreed! Raw sushi just melts in your mouth."
247,Aman,Shubham,2024-09-07 14:56:15,"Exactly! It’s such a unique texture."
248,Shubham,Aman,2024-09-07 14:57:30,"Do you like sashimi too?"
249,Aman,Shubham,2024-09-07 14:58:45,"Yes! Sashimi is one of my favorites, especially with a little soy sauce and wasabi."
250,Shubham,Aman,2024-09-07 15:00:00,"Sounds delicious! I’ll have to try more sashimi next time I get sushi."
251,Aman,Shubham,2024-09-07 15:01:15,"You won’t regret it! It’s all about the freshness."
252,Shubham,Aman,2024-09-07 15:02:30,"I’ll keep that in mind! Do you like other Japanese foods?"
253,Aman,Shubham,2024-09-07 15:03:45,"Yes, I love ramen and tempura. Japanese food has so much variety."
254,Shubham,Aman,2024-09-07 15:05:00,"Ramen is the best! Perfect for a chilly day."
255,Aman,Shubham,2024-09-07 15:06:15,"Exactly! The broth is so comforting."
256,Shubham,Aman,2024-09-07 15:07:30,"Do you have a favorite type of ramen?"
257,Aman,Shubham,2024-09-07 15:08:45,"I love tonkotsu ramen. The rich, creamy broth is my favorite."
258,Shubham,Aman,2024-09-07 15:10:00,"Tonkotsu is amazing! The broth makes all the difference."
259,Aman,Shubham,2024-09-07 15:11:15,"Absolutely! It’s so satisfying and full of flavor."
260,Shubham,Aman,2024-09-07 15:12:30,"Do you cook ramen at home, or do you prefer getting it from a restaurant?"
261,Aman,Shubham,2024-09-07 15:13:45,"I usually go to a restaurant. It’s hard to replicate that authentic flavor at home."
262,Shubham,Aman,2024-09-07 15:15:00,"I feel the same! There’s something special about restaurant ramen."
263,Aman,Shubham,2024-09-07 15:16:15,"Totally! Do you have any good ramen spots near you?"
264,Shubham,Aman,2024-09-07 15:17:30,"There’s a great little place downtown that I go to often."
265,Aman,Shubham,2024-09-07 15:18:45,"Nice! A good ramen spot is a must-have."
266,Shubham,Aman,2024-09-07 15:20:00,"For sure! What about you? Any favorite places?"
267,Aman,Shubham,2024-09-07 15:21:15,"There’s this cozy ramen shop near the beach that I love."
268,Shubham,Aman,2024-09-07 15:22:30,"Ramen by the beach? That sounds perfect!"
269,Aman,Shubham,2024-09-07 15:23:45,"It really is! The view makes the meal even better."
270,Shubham,Aman,2024-09-07 15:25:00,"I can imagine! I’ll have to find a ramen place by the beach next time I travel."
271,Aman,Shubham,2024-09-07 15:26:15,"You should! It’s such a unique experience."
272,Shubham,Aman,2024-09-07 15:27:30,"I’m adding that to my list! What’s the best meal you’ve ever had while traveling?"
273,Aman,Shubham,2024-09-07 15:28:45,"It’s hard to choose, but I had the most amazing paella in Spain."
274,Shubham,Aman,2024-09-07 15:30:00,"Paella in Spain sounds incredible! Was it traditional seafood paella?"
275,Aman,Shubham,2024-09-07 15:31:15,"Yes, it was! So flavorful and packed with fresh seafood."
276,Shubham,Aman,2024-09-07 15:32:30,"That sounds like the perfect dish to enjoy by the coast."
277,Aman,Shubham,2024-09-07 15:33:45,"It really was! The combination of flavors was unforgettable."
278,Shubham,Aman,2024-09-07 15:35:00,"Now I’m craving paella! Have you ever tried making it yourself?"
279,Aman,Shubham,2024-09-07 15:36:15,"I’ve tried, but it’s never quite the same as having it in Spain."
280,Shubham,Aman,2024-09-07 15:37:30,"I can imagine! Sometimes the ambiance and location make all the difference."
281,Aman,Shubham,2024-09-07 15:38:45,"Exactly! There’s just something special about the food when you’re traveling."
282,Shubham,Aman,2024-09-07 15:40:00,"Totally agree! What’s the next place you want to visit for the food?"
283,Aman,Shubham,2024-09-07 15:41:15,"Japan for sure. I want to try authentic sushi and ramen there."
284,Shubham,Aman,2024-09-07 15:42:30,"Japan is a great choice! I’ve heard the food there is incredible."
285,Aman,Shubham,2024-09-07 15:43:45,"Yes! And there’s so much variety—ramen, sushi, tempura, and more."
286,Shubham,Aman,2024-09-07 15:45:00,"I’d love to visit Japan too. The culture and food are both so fascinating."
287,Aman,Shubham,2024-09-07 15:46:15,"Absolutely! And I’d love to visit a traditional Japanese tea house as well."
288,Shubham,Aman,2024-09-07 15:47:30,"That would be an amazing experience! The tea culture there is so unique."
289,Aman,Shubham,2024-09-07 15:48:45,"For sure! I’ve always been intrigued by the ceremony and the different types of tea."
290,Shubham,Aman,2024-09-07 15:50:00,"It’s such a beautiful tradition. Have you ever tried matcha?"
291,Aman,Shubham,2024-09-07 15:51:15,"Yes, I have! I love the rich, earthy flavor of it."
292,Shubham,Aman,2024-09-07 15:52:30,"Same here! It’s such a unique taste, and it’s great in lattes too."
293,Aman,Shubham,2024-09-07 15:53:45,"I agree! Matcha lattes are one of my go-to drinks."
294,Shubham,Aman,2024-09-07 15:55:00,"They’re so refreshing! Do you drink them hot or iced?"
295,Aman,Shubham,2024-09-07 15:56:15,"Usually iced, especially in the summer. But hot is great in colder weather."
296,Shubham,Aman,2024-09-07 15:57:30,"I’m the same way! Iced drinks in the summer, hot in the winter."
297,Aman,Shubham,2024-09-07 15:58:45,"It’s the best way to enjoy them! Do you like any other tea drinks?"
298,Shubham,Aman,2024-09-07 16:00:00,"I’m a big fan of chai! There’s something so comforting about it."
299,Aman,Shubham,2024-09-07 16:01:15,"Chai is amazing! The spices and milk make it so cozy."
300,Shubham,Aman,2024-09-07 16:02:30,"Exactly! It’s the perfect drink for relaxing."
301,Aman,Shubham,2024-09-07 16:03:45,"Do you make chai at home or buy it?"
302,Shubham,Aman,2024-09-07 16:05:00,"I usually make it at home. It’s easy to customize the spices to your liking."
303,Aman,Shubham,2024-09-07 16:06:15,"That’s true! Do you have a favorite spice blend for it?"
304,Shubham,Aman,2024-09-07 16:07:30,"I like using cardamom, cinnamon, and a bit of ginger. What about you?"
305,Aman,Shubham,2024-09-07 16:08:45,"I love adding cloves and a little black pepper for some extra warmth."
306,Shubham,Aman,2024-09-07 16:10:00,"That sounds delicious! I’ll have to try adding black pepper next time."
307,Aman,Shubham,2024-09-07 16:11:15,"It gives it a nice kick! Just a little goes a long way."
308,Shubham,Aman,2024-09-07 16:12:30,"I can’t wait to try it! Do you prefer chai over coffee?"
309,Aman,Shubham,2024-09-07 16:13:45,"It depends on the day! I like both, but chai is more of a treat for me."
310,Shubham,Aman,2024-09-07 16:15:00,"Same here! Coffee is more of an everyday thing, but chai feels special."
311,Aman,Shubham,2024-09-07 16:16:15,"Exactly! It’s a nice way to relax and unwind."
312,Shubham,Aman,2024-09-07 16:17:30,"Do you drink coffee regularly, or just occasionally?"
313,Aman,Shubham,2024-09-07 16:18:45,"I drink coffee almost every day. It’s my morning pick-me-up."
314,Shubham,Aman,2024-09-07 16:20:00,"Same! I can’t start the day without a cup of coffee."
315,Aman,Shubham,2024-09-07 16:21:15,"It really helps get you going! Do you take it black or with cream and sugar?"
316,Shubham,Aman,2024-09-07 16:22:30,"I usually add a little cream, but no sugar. What about you?"
317,Aman,Shubham,2024-09-07 16:23:45,"I like mine with cream and sugar. A little sweetness makes it perfect."
318,Shubham,Aman,2024-09-07 16:25:00,"That sounds great too! Do you ever switch it up with iced coffee?"
319,Aman,Shubham,2024-09-07 16:26:15,"Yes, especially in the summer. Iced coffee is so refreshing on a hot day."
320,Shubham,Aman,2024-09-07 16:27:30,"Definitely! Iced coffee is a summer essential."
321,Aman,Shubham,2024-09-07 16:28:45,"Agreed! Do you have a favorite type of coffee?"
322,Shubham,Aman,2024-09-07 16:30:00,"I love a good cappuccino, but a simple black coffee is great too."
323,Aman,Shubham,2024-09-07 16:31:15,"Cappuccinos are amazing! The frothy milk adds so much to it."
324,Shubham,Aman,2024-09-07 16:32:30,"Exactly! It feels fancy but is still simple."
325,Aman,Shubham,2024-09-07 16:33:45,"Do you ever make fancy coffee drinks at home?"
326,Shubham,Aman,2024-09-07 16:35:00,"Sometimes I try! It’s fun to experiment with lattes and cappuccinos."
327,Aman,Shubham,2024-09-07 16:36:15,"That sounds fun! Do you have a milk frother at home?"
328,Shubham,Aman,2024-09-07 16:37:30,"Yes, it makes a big difference when making cappuccinos!"
329,Aman,Shubham,2024-09-07 16:38:45,"I need to get one! The foam is the best part of a cappuccino."
330,Shubham,Aman,2024-09-07 16:40:00,"Definitely! It’s worth having if you like making coffee drinks at home."
331,Aman,Shubham,2024-09-07 16:41:15,"I’ll have to look into getting one! Do you add any syrups or flavors to your coffee?"
332,Shubham,Aman,2024-09-07 16:42:30,"Sometimes I’ll add a little vanilla or caramel syrup, but not too often."
333,Aman,Shubham,2024-09-07 16:43:45,"Those sound delicious! I love caramel in my coffee."
334,Shubham,Aman,2024-09-07 16:45:00,"Caramel is great! Do you ever make flavored coffee at home?"
335,Aman,Shubham,2024-09-07 16:46:15,"Yes, I sometimes make vanilla lattes at home. They’re easy and so good."
336,Shubham,Aman,2024-09-07 16:47:30,"Vanilla lattes are a classic! Do you use a specific brand of syrup?"
337,Aman,Shubham,2024-09-07 16:48:45,"I usually get whatever’s available, but I like Torani syrups."
338,Shubham,Aman,2024-09-07 16:50:00,"Torani is great! They have so many flavor options."
339,Aman,Shubham,2024-09-07 16:51:15,"Yes! I’ve been wanting to try some of their seasonal flavors."
340,Shubham,Aman,2024-09-07 16:52:30,"Their pumpkin spice syrup is perfect for fall. You should give it a try!"
341,Aman,Shubham,2024-09-07 16:53:45,"I’ll definitely have to try it! Pumpkin spice lattes are my favorite in the fall."
342,Shubham,Aman,2024-09-07 16:55:00,"Same here! There’s something so comforting about pumpkin spice."
343,Aman,Shubham,2024-09-07 16:56:15,"Exactly! It’s like fall in a cup."
344,Shubham,Aman,2024-09-07 16:57:30,"It really is! Do you bake anything with pumpkin during the fall?"
345,Aman,Shubham,2024-09-07 16:58:45,"Yes, I love making pumpkin bread and pumpkin pie."
346,Shubham,Aman,2024-09-07 17:00:00,"Those both sound amazing! Pumpkin bread is one of my favorites."
347,Aman,Shubham,2024-09-07 17:01:15,"It’s so moist and flavorful. Do you bake a lot?"
348,Shubham,Aman,2024-09-07 17:02:30,"I do! I enjoy baking cookies and cakes, especially around the holidays."
349,Aman,Shubham,2024-09-07 17:03:45,"Holiday baking is the best! Do you have a favorite recipe?"
350,Shubham,Aman,2024-09-07 17:05:00,"I love making sugar cookies with royal icing. Decorating them is so fun!"
351,Aman,Shubham,2024-09-07 17:06:15,"Sugar cookies are a holiday classic! Decorating them is always a highlight."
352,Shubham,Aman,2024-09-07 17:07:30,"Yes! It’s fun to get creative with the designs."
353,Aman,Shubham,2024-09-07 17:08:45,"Do you use cookie cutters for different shapes?"
354,Shubham,Aman,2024-09-07 17:10:00,"Yes, I have a big collection of holiday-themed cookie cutters!"
355,Aman,Shubham,2024-09-07 17:11:15,"That’s awesome! I need to get some new cookie cutters for the season."
356,Shubham,Aman,2024-09-07 17:12:30,"There are so many fun options! What’s your favorite holiday to bake for?"
357,Aman,Shubham,2024-09-07 17:13:45,"Christmas, for sure. There are so many delicious treats to make."
358,Shubham,Aman,2024-09-07 17:15:00,"I agree! Christmas cookies are the best."
359,Aman,Shubham,2024-09-07 17:16:15,"Do you make any other special treats during Christmas?"
360,Shubham,Aman,2024-09-07 17:17:30,"Yes, I usually make gingerbread and peppermint bark too."
361,Aman,Shubham,2024-09-07 17:18:45,"Peppermint bark is so good! I love gingerbread as well."
362,Shubham,Aman,2024-09-07 17:20:00,"Gingerbread houses are fun to make, but I prefer just making cookies."
363,Aman,Shubham,2024-09-07 17:21:15,"Same here! The cookies are easier and taste better."
364,Shubham,Aman,2024-09-07 17:22:30,"Do you ever make gingerbread men with decorations?"
365,Aman,Shubham,2024-09-07 17:23:45,"Yes! I love decorating them with icing and candies."
366,Shubham,Aman,2024-09-07 17:25:00,"It’s such a fun holiday tradition! What’s your favorite part of Christmas?"
367,Aman,Shubham,2024-09-07 17:26:15,"Spending time with family and all the festive food!"
368,Shubham,Aman,2024-09-07 17:27:30,"Same! Family gatherings and holiday feasts are the best part."
369,Aman,Shubham,2024-09-07 17:28:45,"Do you have any favorite Christmas recipes?"
370,Shubham,Aman,2024-09-07 17:30:00,"I love making a big roast for Christmas dinner, along with mashed potatoes."
371,Aman,Shubham,2024-09-07 17:31:15,"That sounds amazing! I always look forward to the big holiday meals."
372,Shubham,Aman,2024-09-07 17:32:30,"Me too! It’s the best time to indulge in all the good food."
373,Aman,Shubham,2024-09-07 17:33:45,"Do you make any desserts for Christmas?"
374,Shubham,Aman,2024-09-07 17:35:00,"Yes, I usually make a Yule log cake or some kind of pie."
375,Aman,Shubham,2024-09-07 17:36:15,"Yule log cakes are beautiful! What kind of pie do you make?"
376,Shubham,Aman,2024-09-07 17:37:30,"Apple pie is my go-to, but sometimes I switch it up with pecan or pumpkin."
377,Aman,Shubham,2024-09-07 17:38:45,"Those all sound delicious! Apple pie is my favorite too."
378,Shubham,Aman,2024-09-07 17:40:00,"You can’t go wrong with apple pie! Especially with some vanilla ice cream."
379,Aman,Shubham,2024-09-07 17:41:15,"Yes! Warm apple pie with ice cream is the perfect combination."
380,Shubham,Aman,2024-09-07 17:42:30,"Do you make your pies from scratch?"
381,Aman,Shubham,2024-09-07 17:43:45,"I try to, but sometimes I use store-bought crust to save time."
382,Shubham,Aman,2024-09-07 17:45:00,"That’s totally fair! Homemade crust is great, but it takes time."
383,Aman,Shubham,2024-09-07 17:46:15,"Exactly! Do you make your pies completely from scratch?"
384,Shubham,Aman,2024-09-07 17:47:30,"I usually do, but I’ve definitely used store-bought crust before too."
385,Aman,Shubham,2024-09-07 17:48:45,"It’s a good time-saver! Do you have any tips for making pies?"
386,Shubham,Aman,2024-09-07 17:50:00,"Chilling the dough and using cold butter makes for a flakier crust!"
387,Aman,Shubham,2024-09-07 17:51:15,"That’s a great tip! I’ll have to try that next time."
388,Shubham,Aman,2024-09-07 17:52:30,"Let me know how it turns out! What’s your favorite holiday dessert?"
389,Aman,Shubham,2024-09-07 17:53:45,"I love making Christmas cookies, especially sugar cookies with royal icing."
390,Shubham,Aman,2024-09-07 17:55:00,"Those are a holiday classic! Do you make any other kinds of cookies?"
391,Aman,Shubham,2024-09-07 17:56:15,"I also make gingerbread cookies and sometimes chocolate crinkle cookies."
392,Shubham,Aman,2024-09-07 17:57:30,"Chocolate crinkle cookies are so good! I love the fudgy texture."
393,Aman,Shubham,2024-09-07 17:58:45,"Yes, they’re so rich and chocolatey. Perfect for the holidays."
394,Shubham,Aman,2024-09-07 18:00:00,"Do you give cookies as gifts during the holidays?"
395,Aman,Shubham,2024-09-07 18:01:15,"Yes, I usually make a big batch and give them to friends and family."
396,Shubham,Aman,2024-09-07 18:02:30,"That’s such a thoughtful gift! Homemade treats are always appreciated."
397,Aman,Shubham,2024-09-07 18:03:45,"Agreed! It’s a personal touch that everyone enjoys."
398,Shubham,Aman,2024-09-07 18:05:00,"Do you do any other homemade gifts for the holidays?"
399,Aman,Shubham,2024-09-07 18:06:15,"Sometimes I make homemade candles or bath salts as gifts."
400,Shubham,Aman,2024-09-07 18:07:30,"That’s so creative! I bet people love receiving those."
401,Aman,Shubham,2024-09-07 18:08:45,"They do! It’s fun to make something that people can use and enjoy."
402,Shubham,Aman,2024-09-07 18:10:00,"Definitely! Do you have any favorite scents for candles?"
403,Aman,Shubham,2024-09-07 18:11:15,"I love lavender and vanilla for a calming, cozy vibe."
404,Shubham,Aman,2024-09-07 18:12:30,"Those are great choices! Lavender is so relaxing."
405,Aman,Shubham,2024-09-07 18:13:45,"Do you make any homemade gifts yourself?"
406,Shubham,Aman,2024-09-07 18:15:00,"I’ve made some DIY ornaments before, but I mostly stick to baking gifts."
407,Aman,Shubham,2024-09-07 18:16:15,"Ornaments sound fun! Baking gifts are always a hit though."
408,Shubham,Aman,2024-09-07 18:17:30,"For sure! Everyone loves receiving homemade cookies or cakes."
409,Aman,Shubham,2024-09-07 18:18:45,"Do you have any go-to recipes for baked gifts?"
410,Shubham,Aman,2024-09-07 18:20:00,"Sugar cookies and brownies are my usual go-tos."
411,Aman,Shubham,2024-09-07 18:21:15,"Brownies are always a crowd-pleaser! Do you add any special ingredients?"
412,Shubham,Aman,2024-09-07 18:22:30,"Sometimes I add chocolate chips or swirl in some caramel."
413,Aman,Shubham,2024-09-07 18:23:45,"That sounds delicious! Caramel brownies are so decadent."
414,Shubham,Aman,2024-09-07 18:25:00,"They’re definitely a treat! Do you bake brownies often?"
415,Aman,Shubham,2024-09-07 18:26:15,"Not too often, but I make them for special occasions."
416,Shubham,Aman,2024-09-07 18:27:30,"That’s a good way to do it! They’re perfect for birthdays or holidays."
417,Aman,Shubham,2024-09-07 18:28:45,"Exactly! Do you prefer fudgy or cakey brownies?"
